Workbook

Sheet Panduan
B2: Data Master — Dashboard Strategis IRN & FWCI ITS (data dummy)
B4: Workbook ini adalah realisasi dari dokumen skema data yang sudah disepakati. Seluruh isi tabel adalah DATA DUMMY untuk pengujian — bukan data ITS yang sesungguhnya.
B6: 1. Prinsip
B7: Hanya dua kelompok sheet yang perlu diisi manual saat data riil tersedia: (a) tabel transaksional — Publikasi, Publikasi_Penulis, Naskah_Pipeline; (b) tabel referensi — Fakultas, Departemen, Dosen, Institusi_Mitra, Universitas_Pembanding, Universitas_Pembanding_FWCI, Metrik_ITS_Tahunan, Kolaborasi_Pembanding. Sheet 'Topik_Unggulan_Fakultas' TIDAK diisi manual — seluruhnya formula, otomatis mengikuti isi Publikasi_Penulis.
B9: 2. Warna
B10: Teks BIRU = kolom yang diisi manual
B11: Teks ABU-ABU MIRING = kolom bantu (helper), hasil VLOOKUP — jangan diedit manual, ikut menyesuaikan otomatis
B12: Teks HITAM = formula perhitungan
B14: 3. Topik/bidang unggulan fakultas
B15: Dihitung otomatis di sheet Topik_Unggulan_Fakultas: rata-rata FWCI dikelompokkan per bidang QS dari seluruh publikasi dosen-dosen fakultas itu (lewat Publikasi_Penulis), lalu bidang dengan rata-rata TERTINGGI menjadi topik unggulan. Bukan lagi field manual.
B17: 4. Urutan sheet
B18: Fakultas -> Departemen -> Dosen -> Institusi_Mitra -> Publikasi -> Publikasi_Penulis -> Naskah_Pipeline -> Universitas_Pembanding -> Universitas_Pembanding_FWCI -> Metrik_ITS_Tahunan -> Kolaborasi_Pembanding -> Topik_Unggulan_Fakultas (hasil).

Sheet Fakultas
A1: id | B1: nama_fakultas
A2: F01 | B2: Faculty of Marine Technology
A3: F02 | B3: Faculty of Intelligent Electrical and Informatics Technology
A4: F03 | B4: Faculty of Civil, Planning, and Geo-Engineering
A5: F04 | B5: Faculty of Industrial Technology and System Engineering
A6: F05 | B6: Faculty of Creative Design and Digital Business
A7: F06 | B7: Faculty of Medicine and Health
A8: F07 | B8: Faculty of Science and Data Analytics
A9: F08 | B9: Faculty of Vocation
A10: F09 | B10: School of Interdisciplinary Management and Technology

Sheet Departemen
A1: id | B1: fakultas_id | C1: nama_departemen | D1: Fakultas (helper)
A2: D01 | B2: F01 | C2: Department of Marine Transportation Engineering | D2: =VLOOKUP(B2,Fakultas!$A:$B,2,FALSE()) -> Faculty of Marine Technology
A3: D02 | B3: F01 | C3: Department of Marine Engineering | D3: =VLOOKUP(B3,Fakultas!$A:$B,2,FALSE()) -> Faculty of Marine Technology
A4: D03 | B4: F02 | C4: Department of Information Technology | D4: =VLOOKUP(B4,Fakultas!$A:$B,2,FALSE()) -> Faculty of Intelligent Electrical and Informatics Technology
A5: D04 | B5: F02 | C5: Department of Informatics | D5: =VLOOKUP(B5,Fakultas!$A:$B,2,FALSE()) -> Faculty of Intelligent Electrical and Informatics Technology
A6: D05 | B6: F02 | C6: Department of Electrical Engineering | D6: =VLOOKUP(B6,Fakultas!$A:$B,2,FALSE()) -> Faculty of Intelligent Electrical and Informatics Technology
A7: D06 | B7: F03 | C7: Departemen contoh | D7: =VLOOKUP(B7,Fakultas!$A:$B,2,FALSE()) -> Faculty of Civil, Planning, and Geo-Engineering
A8: D07 | B8: F04 | C8: Departemen contoh | D8: =VLOOKUP(B8,Fakultas!$A:$B,2,FALSE()) -> Faculty of Industrial Technology and System Engineering
A9: D08 | B9: F05 | C9: Departemen contoh | D9: =VLOOKUP(B9,Fakultas!$A:$B,2,FALSE()) -> Faculty of Creative Design and Digital Business
A10: D09 | B10: F06 | C10: Departemen contoh | D10: =VLOOKUP(B10,Fakultas!$A:$B,2,FALSE()) -> Faculty of Medicine and Health
A11: D10 | B11: F07 | C11: Departemen contoh | D11: =VLOOKUP(B11,Fakultas!$A:$B,2,FALSE()) -> Faculty of Science and Data Analytics
A12: D11 | B12: F08 | C12: Departemen contoh | D12: =VLOOKUP(B12,Fakultas!$A:$B,2,FALSE()) -> Faculty of Vocation
A13: D12 | B13: F09 | C13: Departemen contoh | D13: =VLOOKUP(B13,Fakultas!$A:$B,2,FALSE()) -> School of Interdisciplinary Management and Technology

Sheet Dosen
A1: id | B1: departemen_id | C1: nama | D1: Fakultas (helper)
A2: DS001 | B2: D01 | C2: Tri Achmadi, Ir., Ph.D. | D2: =VLOOKUP(B2,Departemen!$A:$D,4,FALSE()) -> Faculty of Marine Technology
A3: DS002 | B3: D01 | C3: Dosen 01 | D3: =VLOOKUP(B3,Departemen!$A:$D,4,FALSE()) -> Faculty of Marine Technology
A4: DS003 | B4: D01 | C4: Dosen 02 | D4: =VLOOKUP(B4,Departemen!$A:$D,4,FALSE()) -> Faculty of Marine Technology
A5: DS004 | B5: D01 | C5: Dosen 03 | D5: =VLOOKUP(B5,Departemen!$A:$D,4,FALSE()) -> Faculty of Marine Technology
A6: DS005 | B6: D02 | C6: I Gde Manik Sukanegara Adhita, S.T., M.MST., Ph.D. | D6: =VLOOKUP(B6,Departemen!$A:$D,4,FALSE()) -> Faculty of Marine Technology
A7: DS006 | B7: D02 | C7: Thariq Arafatul Akbar, S.T., M.T. | D7: =VLOOKUP(B7,Departemen!$A:$D,4,FALSE()) -> Faculty of Marine Technology
A8: DS007 | B8: D02 | C8: Erzad Iskandar Putra | D8: =VLOOKUP(B8,Departemen!$A:$D,4,FALSE()) -> Faculty of Marine Technology
A9: DS008 | B9: D02 | C9: Dosen 04 | D9: =VLOOKUP(B9,Departemen!$A:$D,4,FALSE()) -> Faculty of Marine Technology
A10: DS009 | B10: D03 | C10: Gagatsatya Adiatmaja, S.T., M.Kom. | D10: =VLOOKUP(B10,Departemen!$A:$D,4,FALSE()) -> Faculty of Intelligent Electrical and Informatics Technology
A11: DS010 | B11: D03 | C11: Dosen 05 | D11: =VLOOKUP(B11,Departemen!$A:$D,4,FALSE()) -> Faculty of Intelligent Electrical and Informatics Technology
A12: DS011 | B12: D03 | C12: Dosen 06 | D12: =VLOOKUP(B12,Departemen!$A:$D,4,FALSE()) -> Faculty of Intelligent Electrical and Informatics Technology
A13: DS012 | B13: D03 | C13: Dosen 07 | D13: =VLOOKUP(B13,Departemen!$A:$D,4,FALSE()) -> Faculty of Intelligent Electrical and Informatics Technology
... A49: DS048 | B49: D12 | C49: Dosen 40 | D49: =VLOOKUP(B49,Departemen!$A:$D,4,FALSE()) -> School of Interdisciplinary Management and Technology

Sheet Institusi_Mitra
A1: id | B1: nama_institusi | C1: negara | D1: catatan
A2: M01 | B2: National University of Singapore (NUS) | C2: Singapura
A3: M02 | B3: Universiti Teknologi Malaysia (UTM) | C3: Malaysia
A4: M03 | B4: Seoul National University | C4: Korea Selatan
A5: M04 | B5: Kyoto University | C5: Jepang
A6: M05 | B6: University of Queensland | C6: Australia
A7: M06 | B7: Universitas Malaya | C7: Malaysia
A8: M07 | B8: TU Delft | C8: Belanda
A9: M08 | B9: Universiti Kuala Lumpur | C9: Malaysia
A10: M09 | B10: University of Rwanda | C10: Rwanda
A11: M10 | B11: KAIST | C11: Korea Selatan
A12: M11 | B12: Chulalongkorn University | C12: Thailand
A13: M12 | B13: University of Melbourne | C13: Australia
... A25: M24 | B25: Nanjing University | C25: Tiongkok

Sheet Publikasi
A1: id | B1: institusi_mitra_id | C1: tahun_terbit | D1: bidang_qs | E1: fwci | F1: judul | G1: sumber_data
A2: P0001 | B2: M01 | C2: 2022 | D2: Natural Sciences | E2: 1.87 | F2: Kolaborasi riset dengan National University of Singapore (NUS) (2022) (contoh) | G2: SciVal
A3: P0002 | B3: M01 | C3: 2023 | D3: Natural Sciences | E3: 1.89 | F3: Kolaborasi riset dengan National University of Singapore (NUS) (2023) (contoh) | G3: SciVal
A4: P0003 | B4: M01 | C4: 2024 | D4: Natural Sciences | E4: 1.81 | F4: Kolaborasi riset dengan National University of Singapore (NUS) (2024) (contoh) | G4: SciVal
A5: P0004 | B5: M01 | C5: 2025 | D5: Natural Sciences | E5: 1.79 | F5: Kolaborasi riset dengan National University of Singapore (NUS) (2025) (contoh) | G5: SciVal
A6: P0005 | B6: M01 | C6: 2026 | D6: Natural Sciences | E6: 1.91 | F6: Kolaborasi riset dengan National University of Singapore (NUS) (2026) (contoh) | G6: SciVal
A7: P0006 | B7: M02 | C7: 2024 | D7: Engineering and Technology | E7: 1.11 | F7: Kolaborasi riset dengan Universiti Teknologi Malaysia (UTM) (2024) (contoh) | G7: SciVal
A8: P0007 | B8: M02 | C8: 2025 | D8: Engineering and Technology | E8: 1.02 | F8: Kolaborasi riset dengan Universiti Teknologi Malaysia (UTM) (2025) (contoh) | G8: SciVal
A9: P0008 | B9: M02 | C9: 2026 | D9: Engineering and Technology | E9: 1.06 | F9: Kolaborasi riset dengan Universiti Teknologi Malaysia (UTM) (2026) (contoh) | G9: SciVal
A10: P0009 | B10: M03 | C10: 2023 | D10: Engineering and Technology | E10: 1.6 | F10: Kolaborasi riset dengan Seoul National University (2023) (contoh) | G10: SciVal
A11: P0010 | B11: M03 | C11: 2024 | D11: Engineering and Technology | E11: 1.63 | F11: Kolaborasi riset dengan Seoul National University (2024) (contoh) | G11: SciVal
A12: P0011 | B12: M03 | C12: 2025 | D12: Engineering and Technology | E12: 1.7 | F12: Kolaborasi riset dengan Seoul National University (2025) (contoh) | G12: SciVal
A13: P0012 | B13: M03 | C13: 2026 | D13: Engineering and Technology | E13: 1.69 | F13: Kolaborasi riset dengan Seoul National University (2026) (contoh) | G13: SciVal
... A46: P0045 | B46: M24 | C46: 2019 | D46: Social Sciences and Management | E46: 0.75 | F46: Kolaborasi riset dengan Nanjing University (2019) (contoh) | G46: SciVal
A47: P0046 | C47: 2022 | D47: Engineering and Technology | E47: 1.9 | F47: Studi domestik oleh Tri Achmadi, Ir., Ph.D. (2022) (contoh) | G47: Scholar API
A48: P0047 | C48: 2024 | D48: Engineering and Technology | E48: 1.15 | F48: Studi domestik oleh Tri Achmadi, Ir., Ph.D. (2024) (contoh) | G48: Scholar API
A49: P0048 | C49: 2025 | D49: Engineering and Technology | E49: 0.54 | F49: Studi domestik oleh Dosen 01 (2025) (contoh) | G49: Scholar API
A50: P0049 | C50: 2026 | D50: Engineering and Technology | E50: 1.57 | F50: Studi domestik oleh Dosen 01 (2026) (contoh) | G50: Scholar API
A51: P0050 | C51: 2025 | D51: Social Sciences and Management | E51: 0.92 | F51: Studi domestik oleh Dosen 01 (2025) (contoh) | G51: Scholar API
A52: P0051 | C52: 2026 | D52: Engineering and Technology | E52: 1.58 | F52: Studi domestik oleh Dosen 02 (2026) (contoh) | G52: Scholar API
A53: P0052 | C53: 2023 | D53: Engineering and Technology | E53: 1.65 | F53: Studi domestik oleh Dosen 03 (2023) (contoh) | G53: Scholar API
A54: P0053 | C54: 2026 | D54: Engineering and Technology | E54: 0.95 | F54: Studi domestik oleh I Gde Manik Sukanegara Adhita, S.T., M.MST., Ph.D. (2026) (contoh) | G54: Scholar API
A55: P0054 | C55: 2025 | D55: Engineering and Technology | E55: 1.95 | F55: Studi domestik oleh I Gde Manik Sukanegara Adhita, S.T., M.MST., Ph.D. (2025) (contoh) | G55: Scholar API
A56: P0055 | C56: 2022 | D56: Engineering and Technology | E56: 1.21 | F56: Studi domestik oleh Thariq Arafatul Akbar, S.T., M.T. (2022) (contoh) | G56: Scholar API
A57: P0056 | C57: 2024 | D57: Engineering and Technology | E57: 1.04 | F57: Studi domestik oleh Erzad Iskandar Putra (2024) (contoh) | G57: Scholar API
A58: P0057 | C58: 2025 | D58: Engineering and Technology | E58: 1.53 | F58: Studi domestik oleh Erzad Iskandar Putra (2025) (contoh) | G58: Scholar API
... A134: P0133 | C134: 2022 | D134: Social Sciences and Management | E134: 1.28 | F134: Studi domestik oleh Dosen 40 (2022) (contoh) | G134: Scholar API

Sheet Publikasi_Penulis
A1: publikasi_id | B1: dosen_id | C1: Fakultas (helper) | D1: FWCI (helper) | E1: Bidang (helper) | F1: Tahun (helper)
A2: P0001 | B2: DS002 | C2: =VLOOKUP(B2,Dosen!$A:$D,4,FALSE()) -> Faculty of Marine Technology | D2: =VLOOKUP(A2,Publikasi!$A:$G,5,FALSE()) -> 1.87 | E2: =VLOOKUP(A2,Publikasi!$A:$G,4,FALSE()) -> Natural Sciences | F2: =VLOOKUP(A2,Publikasi!$A:$G,3,FALSE()) -> 2022
A3: P0002 | B3: DS016 | C3: =VLOOKUP(B3,Dosen!$A:$D,4,FALSE()) -> Faculty of Intelligent Electrical and Informatics Technology | D3: =VLOOKUP(A3,Publikasi!$A:$G,5,FALSE()) -> 1.89 | E3: =VLOOKUP(A3,Publikasi!$A:$G,4,FALSE()) -> Natural Sciences | F3: =VLOOKUP(A3,Publikasi!$A:$G,3,FALSE()) -> 2023
A4: P0003 | B4: DS048 | C4: =VLOOKUP(B4,Dosen!$A:$D,4,FALSE()) -> School of Interdisciplinary Management and Technology | D4: =VLOOKUP(A4,Publikasi!$A:$G,5,FALSE()) -> 1.81 | E4: =VLOOKUP(A4,Publikasi!$A:$G,4,FALSE()) -> Natural Sciences | F4: =VLOOKUP(A4,Publikasi!$A:$G,3,FALSE()) -> 2024
A5: P0004 | B5: DS048 | C5: =VLOOKUP(B5,Dosen!$A:$D,4,FALSE()) -> School of Interdisciplinary Management and Technology | D5: =VLOOKUP(A5,Publikasi!$A:$G,5,FALSE()) -> 1.79 | E5: =VLOOKUP(A5,Publikasi!$A:$G,4,FALSE()) -> Natural Sciences | F5: =VLOOKUP(A5,Publikasi!$A:$G,3,FALSE()) -> 2025
A6: P0005 | B6: DS006 | C6: =VLOOKUP(B6,Dosen!$A:$D,4,FALSE()) -> Faculty of Marine Technology | D6: =VLOOKUP(A6,Publikasi!$A:$G,5,FALSE()) -> 1.91 | E6: =VLOOKUP(A6,Publikasi!$A:$G,4,FALSE()) -> Natural Sciences | F6: =VLOOKUP(A6,Publikasi!$A:$G,3,FALSE()) -> 2026
A7: P0006 | B7: DS003 | C7: =VLOOKUP(B7,Dosen!$A:$D,4,FALSE()) -> Faculty of Marine Technology | D7: =VLOOKUP(A7,Publikasi!$A:$G,5,FALSE()) -> 1.11 | E7: =VLOOKUP(A7,Publikasi!$A:$G,4,FALSE()) -> Engineering and Technology | F7: =VLOOKUP(A7,Publikasi!$A:$G,3,FALSE()) -> 2024
A8: P0007 | B8: DS014 | C8: =VLOOKUP(B8,Dosen!$A:$D,4,FALSE()) -> Faculty of Intelligent Electrical and Informatics Technology | D8: =VLOOKUP(A8,Publikasi!$A:$G,5,FALSE()) -> 1.02 | E8: =VLOOKUP(A8,Publikasi!$A:$G,4,FALSE()) -> Engineering and Technology | F8: =VLOOKUP(A8,Publikasi!$A:$G,3,FALSE()) -> 2025
A9: P0008 | B9: DS039 | C9: =VLOOKUP(B9,Dosen!$A:$D,4,FALSE()) -> Faculty of Science and Data Analytics | D9: =VLOOKUP(A9,Publikasi!$A:$G,5,FALSE()) -> 1.06 | E9: =VLOOKUP(A9,Publikasi!$A:$G,4,FALSE()) -> Engineering and Technology | F9: =VLOOKUP(A9,Publikasi!$A:$G,3,FALSE()) -> 2026
A10: P0009 | B10: DS017 | C10: =VLOOKUP(B10,Dosen!$A:$D,4,FALSE()) -> Faculty of Intelligent Electrical and Informatics Technology | D10: =VLOOKUP(A10,Publikasi!$A:$G,5,FALSE()) -> 1.6 | E10: =VLOOKUP(A10,Publikasi!$A:$G,4,FALSE()) -> Engineering and Technology | F10: =VLOOKUP(A10,Publikasi!$A:$G,3,FALSE()) -> 2023
A11: P0010 | B11: DS017 | C11: =VLOOKUP(B11,Dosen!$A:$D,4,FALSE()) -> Faculty of Intelligent Electrical and Informatics Technology | D11: =VLOOKUP(A11,Publikasi!$A:$G,5,FALSE()) -> 1.63 | E11: =VLOOKUP(A11,Publikasi!$A:$G,4,FALSE()) -> Engineering and Technology | F11: =VLOOKUP(A11,Publikasi!$A:$G,3,FALSE()) -> 2024
A12: P0011 | B12: DS017 | C12: =VLOOKUP(B12,Dosen!$A:$D,4,FALSE()) -> Faculty of Intelligent Electrical and Informatics Technology | D12: =VLOOKUP(A12,Publikasi!$A:$G,5,FALSE()) -> 1.7 | E12: =VLOOKUP(A12,Publikasi!$A:$G,4,FALSE()) -> Engineering and Technology | F12: =VLOOKUP(A12,Publikasi!$A:$G,3,FALSE()) -> 2025
A13: P0012 | B13: DS017 | C13: =VLOOKUP(B13,Dosen!$A:$D,4,FALSE()) -> Faculty of Intelligent Electrical and Informatics Technology | D13: =VLOOKUP(A13,Publikasi!$A:$G,5,FALSE()) -> 1.69 | E13: =VLOOKUP(A13,Publikasi!$A:$G,4,FALSE()) -> Engineering and Technology | F13: =VLOOKUP(A13,Publikasi!$A:$G,3,FALSE()) -> 2026
... A134: P0133 | B134: DS048 | C134: =VLOOKUP(B134,Dosen!$A:$D,4,FALSE()) -> School of Interdisciplinary Management and Technology | D134: =VLOOKUP(A134,Publikasi!$A:$G,5,FALSE()) -> 1.28 | E134: =VLOOKUP(A134,Publikasi!$A:$G,4,FALSE()) -> Social Sciences and Management | F134: =VLOOKUP(A134,Publikasi!$A:$G,3,FALSE()) -> 2022

Sheet Naskah_Pipeline
A1: id | B1: institusi_mitra_id | C1: judul | D1: bidang_qs | E1: status_naskah | F1: target_jurnal | G1: estimasi_tahun_terbit | H1: dosen_id | I1: Institusi (helper) | J1: Dosen (helper)
A2: N001 | B2: M07 | C2: Structural Fatigue Analysis of Offshore Wind Turbine Foundations (contoh) | D2: Engineering and Technology | E2: Under review | F2: Ocean Engineering | G2: 2027 | H2: DS005 | I2: =VLOOKUP(B2,Institusi_Mitra!$A:$B,2,FALSE()) -> TU Delft | J2: =VLOOKUP(H2,Dosen!$A:$C,3,FALSE()) -> I Gde Manik Sukanegara Adhita, S.T., M.MST., Ph.D.
A3: N002 | B3: M08 | C3: Hybrid Propulsion System Efficiency for Short-Sea Shipping (contoh) | D3: Engineering and Technology | E3: Submitted | F3: Applied Energy | G3: 2027 | H3: DS007 | I3: =VLOOKUP(B3,Institusi_Mitra!$A:$B,2,FALSE()) -> Universiti Kuala Lumpur | J3: =VLOOKUP(H3,Dosen!$A:$C,3,FALSE()) -> Erzad Iskandar Putra
A4: N003 | B4: M08 | C4: Life Cycle Cost Comparison of Alternative Marine Fuels (contoh) | D4: Engineering and Technology | E4: Dalam penyusunan | F4: Transportation Research Part D | G4: 2027 | H4: DS007 | I4: =VLOOKUP(B4,Institusi_Mitra!$A:$B,2,FALSE()) -> Universiti Kuala Lumpur | J4: =VLOOKUP(H4,Dosen!$A:$C,3,FALSE()) -> Erzad Iskandar Putra
A5: N004 | B5: M09 | C5: Lightweight Deep Learning Model for Medical Image Steganalysis (contoh) | D5: Engineering and Technology | E5: Under review | F5: IEEE Access | G5: 2027 | H5: DS014 | I5: =VLOOKUP(B5,Institusi_Mitra!$A:$B,2,FALSE()) -> University of Rwanda | J5: =VLOOKUP(H5,Dosen!$A:$C,3,FALSE()) -> Tohari Ahmad
A6: N005 | B6: M10 | C6: Machine Learning-Based Material Discovery for Sensor Applications (contoh) | D6: Natural Sciences | E6: Submitted | F6: Advanced Materials | G6: 2027 | H6: DS021 | I6: =VLOOKUP(B6,Institusi_Mitra!$A:$B,2,FALSE()) -> KAIST | J6: =VLOOKUP(H6,Dosen!$A:$C,3,FALSE()) -> Dosen 13
A7: N006 | B7: M11 | C7: Cross-Border Collaborative Framework for Renewable Energy Policy (contoh) | D7: Natural Sciences | E7: Dalam penyusunan | F7: Energy Policy | G7: 2027 | H7: DS021 | I7: =VLOOKUP(B7,Institusi_Mitra!$A:$B,2,FALSE()) -> Chulalongkorn University | J7: =VLOOKUP(H7,Dosen!$A:$C,3,FALSE()) -> Dosen 13
A8: N007 | B8: M11 | C8: Comparative Analysis of ASEAN Smart Grid Readiness (contoh) | D8: Natural Sciences | E8: Draft internal | F8: Energy Policy | G8: 2027 | H8: DS021 | I8: =VLOOKUP(B8,Institusi_Mitra!$A:$B,2,FALSE()) -> Chulalongkorn University | J8: =VLOOKUP(H8,Dosen!$A:$C,3,FALSE()) -> Dosen 13
A9: N008 | B9: M11 | C9: Data-Driven Approach to Regional Energy Security (contoh) | D9: Natural Sciences | E9: Dalam penyusunan | F9: Energy Policy | G9: 2027 | H9: DS021 | I9: =VLOOKUP(B9,Institusi_Mitra!$A:$B,2,FALSE()) -> Chulalongkorn University | J9: =VLOOKUP(H9,Dosen!$A:$C,3,FALSE()) -> Dosen 13
A10: N009 | B10: M12 | C10: Epidemiological Modeling of Tropical Disease Spread in Coastal Communities (contoh) | D10: Life Sciences and Medicine | E10: Under review | F10: The Lancet Regional Health | G10: 2027 | H10: DS033 | I10: =VLOOKUP(B10,Institusi_Mitra!$A:$B,2,FALSE()) -> University of Melbourne | J10: =VLOOKUP(H10,Dosen!$A:$C,3,FALSE()) -> Dosen 25
A11: N010 | B11: M13 | C11: Smart Grid Load Balancing Using Renewable Energy Sources (contoh) | D11: Engineering and Technology | E11: Submitted | F11: IEEE Transactions on Smart Grid | G11: 2028 | H11: DS020 | I11: =VLOOKUP(B11,Institusi_Mitra!$A:$B,2,FALSE()) -> IIT Delhi | J11: =VLOOKUP(H11,Dosen!$A:$C,3,FALSE()) -> Dosen 12
A12: N011 | B12: M01 | C12: Advanced Photonic Sensor Design for Marine Environmental Monitoring (contoh) | D12: Natural Sciences | E12: Under review | F12: Sensors and Actuators B | G12: 2027 | H12: DS021 | I12: =VLOOKUP(B12,Institusi_Mitra!$A:$B,2,FALSE()) -> National University of Singapore (NUS) | J12: =VLOOKUP(H12,Dosen!$A:$C,3,FALSE()) -> Dosen 13
A13: N012 | B13: M01 | C13: Quantum-Enhanced Computational Methods for Materials Science (contoh) | D13: Natural Sciences | E13: Dalam penyusunan | F13: Physical Review Materials | G13: 2027 | H13: DS021 | I13: =VLOOKUP(B13,Institusi_Mitra!$A:$B,2,FALSE()) -> National University of Singapore (NUS) | J13: =VLOOKUP(H13,Dosen!$A:$C,3,FALSE()) -> Dosen 13
A14: N013 | B14: M03 | C14: Autonomous Underwater Vehicle Navigation Using Reinforcement Learning (contoh) | D14: Engineering and Technology | E14: Submitted | F14: IEEE Journal of Oceanic Engineering | G14: 2027 | H14: DS001 | I14: =VLOOKUP(B14,Institusi_Mitra!$A:$B,2,FALSE()) -> Seoul National University | J14: =VLOOKUP(H14,Dosen!$A:$C,3,FALSE()) -> Tri Achmadi, Ir., Ph.D.

Sheet Universitas_Pembanding
A1: id | B1: nama_universitas | C1: tahun_data | D1: rank_qs_overall
A2: U01 | B2: ITB | C2: 2026 | D2: Belum terverifikasi
A3: U02 | B3: Universitas Indonesia | C3: 2026 | D3: 189
A4: U03 | B4: UTM | C4: 2026 | D4: 153
A5: U04 | B5: TU Delft | C5: 2026 | D5: 47
A6: U05 | B6: NTU Singapore | C6: 2026 | D6: 12

Sheet Universitas_Pembanding_FWCI
A1: universitas_id | B1: Universitas (helper) | C1: bidang_qs | D1: fwci
A2: U01 | B2: =VLOOKUP(A2,Universitas_Pembanding!$A:$B,2,FALSE()) -> ITB | C2: Engineering and Technology | D2: 1.1
A3: U01 | B3: =VLOOKUP(A3,Universitas_Pembanding!$A:$B,2,FALSE()) -> ITB | C3: Natural Sciences | D3: 0.9
A4: U01 | B4: =VLOOKUP(A4,Universitas_Pembanding!$A:$B,2,FALSE()) -> ITB | C4: Life Sciences and Medicine | D4: 0.75
A5: U01 | B5: =VLOOKUP(A5,Universitas_Pembanding!$A:$B,2,FALSE()) -> ITB | C5: Social Sciences and Management | D5: 0.8
A6: U01 | B6: =VLOOKUP(A6,Universitas_Pembanding!$A:$B,2,FALSE()) -> ITB | C6: Arts and Humanities | D6: 0.5
A7: U02 | B7: =VLOOKUP(A7,Universitas_Pembanding!$A:$B,2,FALSE()) -> Universitas Indonesia | C7: Engineering and Technology | D7: 0.7
A8: U02 | B8: =VLOOKUP(A8,Universitas_Pembanding!$A:$B,2,FALSE()) -> Universitas Indonesia | C8: Natural Sciences | D8: 0.68
A9: U02 | B9: =VLOOKUP(A9,Universitas_Pembanding!$A:$B,2,FALSE()) -> Universitas Indonesia | C9: Life Sciences and Medicine | D9: 0.9
A10: U02 | B10: =VLOOKUP(A10,Universitas_Pembanding!$A:$B,2,FALSE()) -> Universitas Indonesia | C10: Social Sciences and Management | D10: 0.85
A11: U02 | B11: =VLOOKUP(A11,Universitas_Pembanding!$A:$B,2,FALSE()) -> Universitas Indonesia | C11: Arts and Humanities | D11: 0.65
A12: U03 | B12: =VLOOKUP(A12,Universitas_Pembanding!$A:$B,2,FALSE()) -> UTM | C12: Engineering and Technology | D12: 1.3
A13: U03 | B13: =VLOOKUP(A13,Universitas_Pembanding!$A:$B,2,FALSE()) -> UTM | C13: Natural Sciences | D13: 0.95
... A26: U05 | B26: =VLOOKUP(A26,Universitas_Pembanding!$A:$B,2,FALSE()) -> NTU Singapore | C26: Arts and Humanities | D26: 0.8

Sheet Metrik_ITS_Tahunan
A1: tahun | B1: bidang_qs | C1: rank_qs_overall | D1: fwci_rata_rata | E1: skor_irn_resmi
A2: 2022 | C2: 560 | D2: 0.58 | E2: Belum dirilis QS
A3: 2023 | C3: 545 | D3: 0.6 | E3: Belum dirilis QS
A4: 2024 | C4: 530 | D4: 0.63 | E4: Belum dirilis QS
A5: 2025 | C5: 515 | D5: 0.66 | E5: Belum dirilis QS
A6: 2026 | C6: 506 | D6: 0.7 | E6: Belum dirilis QS

Sheet Kolaborasi_Pembanding
A1: universitas_id | B1: Universitas (helper) | C1: nama_institusi_mitra | D1: negara | E1: bidang_qs | F1: Status vs ITS (formula)
A2: U01 | B2: =VLOOKUP(A2,Universitas_Pembanding!$A:$B,2,FALSE()) -> ITB | C2: RWTH Aachen | D2: Jerman | E2: Engineering and Technology | F2: =IF(COUNTIF(Institusi_Mitra!$B:$B,C2)>0,"Overlap - ITS juga di sini","Gap - belum disentuh ITS") -> Overlap - ITS juga di sini
A3: U01 | B3: =VLOOKUP(A3,Universitas_Pembanding!$A:$B,2,FALSE()) -> ITB | C3: École Polytechnique | D3: Prancis | E3: Social Sciences and Management | F3: =IF(COUNTIF(Institusi_Mitra!$B:$B,C3)>0,"Overlap - ITS juga di sini","Gap - belum disentuh ITS") -> Gap - belum disentuh ITS
A4: U02 | B4: =VLOOKUP(A4,Universitas_Pembanding!$A:$B,2,FALSE()) -> Universitas Indonesia | C4: University of Melbourne | D4: Australia | E4: Life Sciences and Medicine | F4: =IF(COUNTIF(Institusi_Mitra!$B:$B,C4)>0,"Overlap - ITS juga di sini","Gap - belum disentuh ITS") -> Overlap - ITS juga di sini
A5: U02 | B5: =VLOOKUP(A5,Universitas_Pembanding!$A:$B,2,FALSE()) -> Universitas Indonesia | C5: Harvard T.H. Chan School of Public Health | D5: Amerika Serikat | E5: Life Sciences and Medicine | F5: =IF(COUNTIF(Institusi_Mitra!$B:$B,C5)>0,"Overlap - ITS juga di sini","Gap - belum disentuh ITS") -> Gap - belum disentuh ITS
A6: U03 | B6: =VLOOKUP(A6,Universitas_Pembanding!$A:$B,2,FALSE()) -> UTM | C6: KAIST | D6: Korea Selatan | E6: Natural Sciences | F6: =IF(COUNTIF(Institusi_Mitra!$B:$B,C6)>0,"Overlap - ITS juga di sini","Gap - belum disentuh ITS") -> Overlap - ITS juga di sini
A7: U03 | B7: =VLOOKUP(A7,Universitas_Pembanding!$A:$B,2,FALSE()) -> UTM | C7: King Abdulaziz University | D7: Arab Saudi | E7: Engineering and Technology | F7: =IF(COUNTIF(Institusi_Mitra!$B:$B,C7)>0,"Overlap - ITS juga di sini","Gap - belum disentuh ITS") -> Gap - belum disentuh ITS
A8: U04 | B8: =VLOOKUP(A8,Universitas_Pembanding!$A:$B,2,FALSE()) -> TU Delft | C8: TU Munich | D8: Jerman | E8: Engineering and Technology | F8: =IF(COUNTIF(Institusi_Mitra!$B:$B,C8)>0,"Overlap - ITS juga di sini","Gap - belum disentuh ITS") -> Gap - belum disentuh ITS
A9: U04 | B9: =VLOOKUP(A9,Universitas_Pembanding!$A:$B,2,FALSE()) -> TU Delft | C9: NTNU | D9: Norwegia | E9: Natural Sciences | F9: =IF(COUNTIF(Institusi_Mitra!$B:$B,C9)>0,"Overlap - ITS juga di sini","Gap - belum disentuh ITS") -> Gap - belum disentuh ITS
A10: U05 | B10: =VLOOKUP(A10,Universitas_Pembanding!$A:$B,2,FALSE()) -> NTU Singapore | C10: Tsinghua University | D10: Tiongkok | E10: Social Sciences and Management | F10: =IF(COUNTIF(Institusi_Mitra!$B:$B,C10)>0,"Overlap - ITS juga di sini","Gap - belum disentuh ITS") -> Gap - belum disentuh ITS
A11: U05 | B11: =VLOOKUP(A11,Universitas_Pembanding!$A:$B,2,FALSE()) -> NTU Singapore | C11: MIT | D11: Amerika Serikat | E11: Engineering and Technology | F11: =IF(COUNTIF(Institusi_Mitra!$B:$B,C11)>0,"Overlap - ITS juga di sini","Gap - belum disentuh ITS") -> Gap - belum disentuh ITS

Sheet Topik_Unggulan_Fakultas
A1: fakultas_id | B1: nama_fakultas | C1: Engineering and Technology | D1: Natural Sciences | E1: Life Sciences and Medicine | F1: Social Sciences and Management | G1: Arts and Humanities | H1: Topik/Bidang Unggulan
A2: =Fakultas!A2 -> F01 | B2: =Fakultas!B2 -> Faculty of Marine Technology | C2: =IFERROR(AVERAGEIFS(Publikasi_Penulis!$D:$D,Publikasi_Penulis!$C:$C,$B2,Publikasi_Penulis!$E:$E,C$1),"-") -> 1.3225 | D2: =IFERROR(AVERAGEIFS(Publikasi_Penulis!$D:$D,Publikasi_Penulis!$C:$C,$B2,Publikasi_Penulis!$E:$E,D$1),"-") -> 1.6466667 | E2: =IFERROR(AVERAGEIFS(Publikasi_Penulis!$D:$D,Publikasi_Penulis!$C:$C,$B2,Publikasi_Penulis!$E:$E,E$1),"-") -> 1.57 | F2: =IFERROR(AVERAGEIFS(Publikasi_Penulis!$D:$D,Publikasi_Penulis!$C:$C,$B2,Publikasi_Penulis!$E:$E,F$1),"-") -> 0.82 | G2: =IFERROR(AVERAGEIFS(Publikasi_Penulis!$D:$D,Publikasi_Penulis!$C:$C,$B2,Publikasi_Penulis!$E:$E,G$1),"-") -> - | H2: =IFERROR(INDEX($C$1:$G$1,MATCH(MAX(C2:G2),C2:G2,0)),"-") -> Natural Sciences
A3: =Fakultas!A3 -> F02 | B3: =Fakultas!B3 -> Faculty of Intelligent Electrical and Informatics Technology | C3: =IFERROR(AVERAGEIFS(Publikasi_Penulis!$D:$D,Publikasi_Penulis!$C:$C,$B3,Publikasi_Penulis!$E:$E,C$1),"-") -> 1.035 | D3: =IFERROR(AVERAGEIFS(Publikasi_Penulis!$D:$D,Publikasi_Penulis!$C:$C,$B3,Publikasi_Penulis!$E:$E,D$1),"-") -> 1.3725 | E3: =IFERROR(AVERAGEIFS(Publikasi_Penulis!$D:$D,Publikasi_Penulis!$C:$C,$B3,Publikasi_Penulis!$E:$E,E$1),"-") -> 1.1 | F3: =IFERROR(AVERAGEIFS(Publikasi_Penulis!$D:$D,Publikasi_Penulis!$C:$C,$B3,Publikasi_Penulis!$E:$E,F$1),"-") -> 0.65 | G3: =IFERROR(AVERAGEIFS(Publikasi_Penulis!$D:$D,Publikasi_Penulis!$C:$C,$B3,Publikasi_Penulis!$E:$E,G$1),"-") -> 1.2633333 | H3: =IFERROR(INDEX($C$1:$G$1,MATCH(MAX(C3:G3),C3:G3,0)),"-") -> Natural Sciences
A4: =Fakultas!A4 -> F03 | B4: =Fakultas!B4 -> Faculty of Civil, Planning, and Geo-Engineering | C4: =IFERROR(AVERAGEIFS(Publikasi_Penulis!$D:$D,Publikasi_Penulis!$C:$C,$B4,Publikasi_Penulis!$E:$E,C$1),"-") -> 1.4542857 | D4: =IFERROR(AVERAGEIFS(Publikasi_Penulis!$D:$D,Publikasi_Penulis!$C:$C,$B4,Publikasi_Penulis!$E:$E,D$1),"-") -> 1.2125 | E4: =IFERROR(AVERAGEIFS(Publikasi_Penulis!$D:$D,Publikasi_Penulis!$C:$C,$B4,Publikasi_Penulis!$E:$E,E$1),"-") -> - | F4: =IFERROR(AVERAGEIFS(Publikasi_Penulis!$D:$D,Publikasi_Penulis!$C:$C,$B4,Publikasi_Penulis!$E:$E,F$1),"-") -> 0.89 | G4: =IFERROR(AVERAGEIFS(Publikasi_Penulis!$D:$D,Publikasi_Penulis!$C:$C,$B4,Publikasi_Penulis!$E:$E,G$1),"-") -> - | H4: =IFERROR(INDEX($C$1:$G$1,MATCH(MAX(C4:G4),C4:G4,0)),"-") -> Engineering and Technology
A5: =Fakultas!A5 -> F04 | B5: =Fakultas!B5 -> Faculty of Industrial Technology and System Engineering | C5: =IFERROR(AVERAGEIFS(Publikasi_Penulis!$D:$D,Publikasi_Penulis!$C:$C,$B5,Publikasi_Penulis!$E:$E,C$1),"-") -> 1.1428571 | D5: =IFERROR(AVERAGEIFS(Publikasi_Penulis!$D:$D,Publikasi_Penulis!$C:$C,$B5,Publikasi_Penulis!$E:$E,D$1),"-") -> - | E5: =IFERROR(AVERAGEIFS(Publikasi_Penulis!$D:$D,Publikasi_Penulis!$C:$C,$B5,Publikasi_Penulis!$E:$E,E$1),"-") -> - | F5: =IFERROR(AVERAGEIFS(Publikasi_Penulis!$D:$D,Publikasi_Penulis!$C:$C,$B5,Publikasi_Penulis!$E:$E,F$1),"-") -> 0.82 | G5: =IFERROR(AVERAGEIFS(Publikasi_Penulis!$D:$D,Publikasi_Penulis!$C:$C,$B5,Publikasi_Penulis!$E:$E,G$1),"-") -> - | H5: =IFERROR(INDEX($C$1:$G$1,MATCH(MAX(C5:G5),C5:G5,0)),"-") -> Engineering and Technology
A6: =Fakultas!A6 -> F05 | B6: =Fakultas!B6 -> Faculty of Creative Design and Digital Business | C6: =IFERROR(AVERAGEIFS(Publikasi_Penulis!$D:$D,Publikasi_Penulis!$C:$C,$B6,Publikasi_Penulis!$E:$E,C$1),"-") -> - | D6: =IFERROR(AVERAGEIFS(Publikasi_Penulis!$D:$D,Publikasi_Penulis!$C:$C,$B6,Publikasi_Penulis!$E:$E,D$1),"-") -> 0.86 | E6: =IFERROR(AVERAGEIFS(Publikasi_Penulis!$D:$D,Publikasi_Penulis!$C:$C,$B6,Publikasi_Penulis!$E:$E,E$1),"-") -> - | F6: =IFERROR(AVERAGEIFS(Publikasi_Penulis!$D:$D,Publikasi_Penulis!$C:$C,$B6,Publikasi_Penulis!$E:$E,F$1),"-") -> - | G6: =IFERROR(AVERAGEIFS(Publikasi_Penulis!$D:$D,Publikasi_Penulis!$C:$C,$B6,Publikasi_Penulis!$E:$E,G$1),"-") -> 1.3483333 | H6: =IFERROR(INDEX($C$1:$G$1,MATCH(MAX(C6:G6),C6:G6,0)),"-") -> Arts and Humanities
A7: =Fakultas!A7 -> F06 | B7: =Fakultas!B7 -> Faculty of Medicine and Health | C7: =IFERROR(AVERAGEIFS(Publikasi_Penulis!$D:$D,Publikasi_Penulis!$C:$C,$B7,Publikasi_Penulis!$E:$E,C$1),"-") -> - | D7: =IFERROR(AVERAGEIFS(Publikasi_Penulis!$D:$D,Publikasi_Penulis!$C:$C,$B7,Publikasi_Penulis!$E:$E,D$1),"-") -> 0.75 | E7: =IFERROR(AVERAGEIFS(Publikasi_Penulis!$D:$D,Publikasi_Penulis!$C:$C,$B7,Publikasi_Penulis!$E:$E,E$1),"-") -> 0.94125 | F7: =IFERROR(AVERAGEIFS(Publikasi_Penulis!$D:$D,Publikasi_Penulis!$C:$C,$B7,Publikasi_Penulis!$E:$E,F$1),"-") -> - | G7: =IFERROR(AVERAGEIFS(Publikasi_Penulis!$D:$D,Publikasi_Penulis!$C:$C,$B7,Publikasi_Penulis!$E:$E,G$1),"-") -> - | H7: =IFERROR(INDEX($C$1:$G$1,MATCH(MAX(C7:G7),C7:G7,0)),"-") -> Life Sciences and Medicine
A8: =Fakultas!A8 -> F07 | B8: =Fakultas!B8 -> Faculty of Science and Data Analytics | C8: =IFERROR(AVERAGEIFS(Publikasi_Penulis!$D:$D,Publikasi_Penulis!$C:$C,$B8,Publikasi_Penulis!$E:$E,C$1),"-") -> 1.06 | D8: =IFERROR(AVERAGEIFS(Publikasi_Penulis!$D:$D,Publikasi_Penulis!$C:$C,$B8,Publikasi_Penulis!$E:$E,D$1),"-") -> 1.22 | E8: =IFERROR(AVERAGEIFS(Publikasi_Penulis!$D:$D,Publikasi_Penulis!$C:$C,$B8,Publikasi_Penulis!$E:$E,E$1),"-") -> 1.41 | F8: =IFERROR(AVERAGEIFS(Publikasi_Penulis!$D:$D,Publikasi_Penulis!$C:$C,$B8,Publikasi_Penulis!$E:$E,F$1),"-") -> - | G8: =IFERROR(AVERAGEIFS(Publikasi_Penulis!$D:$D,Publikasi_Penulis!$C:$C,$B8,Publikasi_Penulis!$E:$E,G$1),"-") -> - | H8: =IFERROR(INDEX($C$1:$G$1,MATCH(MAX(C8:G8),C8:G8,0)),"-") -> Life Sciences and Medicine
A9: =Fakultas!A9 -> F08 | B9: =Fakultas!B9 -> Faculty of Vocation | C9: =IFERROR(AVERAGEIFS(Publikasi_Penulis!$D:$D,Publikasi_Penulis!$C:$C,$B9,Publikasi_Penulis!$E:$E,C$1),"-") -> 1.02875 | D9: =IFERROR(AVERAGEIFS(Publikasi_Penulis!$D:$D,Publikasi_Penulis!$C:$C,$B9,Publikasi_Penulis!$E:$E,D$1),"-") -> 1.47 | E9: =IFERROR(AVERAGEIFS(Publikasi_Penulis!$D:$D,Publikasi_Penulis!$C:$C,$B9,Publikasi_Penulis!$E:$E,E$1),"-") -> 1.23 | F9: =IFERROR(AVERAGEIFS(Publikasi_Penulis!$D:$D,Publikasi_Penulis!$C:$C,$B9,Publikasi_Penulis!$E:$E,F$1),"-") -> 1.81 | G9: =IFERROR(AVERAGEIFS(Publikasi_Penulis!$D:$D,Publikasi_Penulis!$C:$C,$B9,Publikasi_Penulis!$E:$E,G$1),"-") -> - | H9: =IFERROR(INDEX($C$1:$G$1,MATCH(MAX(C9:G9),C9:G9,0)),"-") -> Social Sciences and Management
A10: =Fakultas!A10 -> F09 | B10: =Fakultas!B10 -> School of Interdisciplinary Management and Technology | C10: =IFERROR(AVERAGEIFS(Publikasi_Penulis!$D:$D,Publikasi_Penulis!$C:$C,$B10,Publikasi_Penulis!$E:$E,C$1),"-") -> 0.88 | D10: =IFERROR(AVERAGEIFS(Publikasi_Penulis!$D:$D,Publikasi_Penulis!$C:$C,$B10,Publikasi_Penulis!$E:$E,D$1),"-") -> 1.4833333 | E10: =IFERROR(AVERAGEIFS(Publikasi_Penulis!$D:$D,Publikasi_Penulis!$C:$C,$B10,Publikasi_Penulis!$E:$E,E$1),"-") -> 1.31 | F10: =IFERROR(AVERAGEIFS(Publikasi_Penulis!$D:$D,Publikasi_Penulis!$C:$C,$B10,Publikasi_Penulis!$E:$E,F$1),"-") -> 1.2788889 | G10: =IFERROR(AVERAGEIFS(Publikasi_Penulis!$D:$D,Publikasi_Penulis!$C:$C,$B10,Publikasi_Penulis!$E:$E,G$1),"-") -> - | H10: =IFERROR(INDEX($C$1:$G$1,MATCH(MAX(C10:G10),C10:G10,0)),"-") -> Natural Sciences
A12: Seluruh kolom di sheet ini adalah FORMULA (tidak diisi manual). Kolom bidang = rata-rata FWCI publikasi dosen fakultas itu pada bidang tersebut (lewat Publikasi_Penulis). Kolom terakhir = bidang dengan rata-rata tertinggi.
